{
    "dinner": [
        {
            "category": "국물요리",
            "tags": ["기분 좋음", "활력 낮음"],
            "examples": ["된장찌개", "감자탕", "순두부찌개"]
        }
    ],
    "activity": [
        {
            "category": "야외활동",
            "tags": ["사람 만남", "활력 높음", "시간 많음"],
            "examples": ["등산", "산책", "자전거"]
        }
    ],
    "final": [
        {
            "category": "마무리 루틴",
            "tags": ["기분 나쁨", "활력 낮음"],
            "examples": ["따뜻한 차", "일기쓰기", "명상"]
        }
    ]
}

