{
  "dinner": [
    {
      "category": "매운 음식",
      "tags": [
        "기분 좋음",
        "활력 높음"
      ]
    },
    {
      "category": "국물 음식",
      "tags": [
        "기분 나쁨",
        "활력 낮음"
      ]
    },
    {
      "category": "부드러운 음식",
      "tags": [
        "기분 보통",
        "활력 낮음"
      ]
    },
    {
      "category": "가벼운 음식",
      "tags": [
        "기분 좋음",
        "활력 중간"
      ]
    }
  ],
  "activity": [
    {
      "category": "야외 활동",
      "tags": [
        "사람 만남",
        "활력 높음",
        "시간 많음"
      ]
    },
    {
      "category": "실내 여가",
      "tags": [
        "혼자",
        "활력 중간",
        "시간 중간"
      ]
    },
    {
      "category": "짧은 휴식",
      "tags": [
        "혼자",
        "활력 낮음",
        "시간 적음"
      ]
    }
  ],
  "final": [
    {
      "category": "힐링 루틴",
      "tags": [
        "기분 나쁨",
        "활력 낮음"
      ]
    },
    {
      "category": "감성 마무리",
      "tags": [
        "기분 좋음",
        "활력 중간"
      ]
    },
    {
      "category": "에너지 회복",
      "tags": [
        "기분 보통",
        "활력 높음"
      ]
    }
  ]
}