[
  {
    "name": "1111",
    "age": "1111",
    "address": "1111",
    "email": "1111",
    "emID": "1111"
  },
  {
    "name": "이준호",
    "age": "31",
    "address": "부산",
    "email": "junho.lee@example.com",
    "emID": "20250001"
  },
  {
    "name": "박서연",
    "age": "29",
    "address": "대구",
    "email": "seoyeon.park@example.com",
    "emID": "20250002"
  },
  {
    "name": "최민재",
    "age": "34",
    "address": "인천",
    "email": "minjae.choi@example.com",
    "emID": "20250003"
  },
  {
    "name": "정하늘",
    "age": "26",
    "address": "광주",
    "email": "haneul.jung@example.com",
    "emID": "20250004"
  },
  {
    "name": "안소희",
    "age": "30",
    "address": "울산",
    "email": "sohee.an@example.com",
    "emID": "20250005"
  },
  {
    "name": "오지훈",
    "age": "33",
    "address": "대전",
    "email": "jihoon.oh@example.com",
    "emID": "20250006"
  },
  {
    "name": "신지우",
    "age": "28",
    "address": "세종",
    "email": "jiwoo.shin@example.com",
    "emID": "20250007"
  },
  {
    "name": "류예린",
    "age": "25",
    "address": "창원",
    "email": "yerin.ryu@example.com",
    "emID": "20250008"
  },
  {
    "name": "하도윤",
    "age": "32",
    "address": "전주",
    "email": "doyoon.ha@example.com",
    "emID": "20250009"
  },
  {
    "name": "배수아",
    "age": "29",
    "address": "안산",
    "email": "sua.bae@example.com",
    "emID": "20250010"
  },
  {
    "name": "윤도현",
    "age": "35",
    "address": "수원",
    "email": "dohyun.yoon@example.com",
    "emID": "20250011"
  },
  {
    "name": "서윤재",
    "age": "27",
    "address": "용인",
    "email": "yoonjae.seo@example.com",
    "emID": "20250012"
  },
  {
    "name": "노은지",
    "age": "30",
    "address": "포항",
    "email": "eunji.noh@example.com",
    "emID": "20250013"
  },
  {
    "name": "곽태현",
    "age": "33",
    "address": "천안",
    "email": "taehyun.kwak@example.com",
    "emID": "20250014"
  },
  {
    "name": "장하린",
    "age": "24",
    "address": "평택",
    "email": "harin.jang@example.com",
    "emID": "20250015"
  },
  {
    "name": "문서준",
    "age": "31",
    "address": "의정부",
    "email": "seojun.moon@example.com",
    "emID": "20250016"
  },
  {
    "name": "홍지민",
    "age": "28",
    "address": "강릉",
    "email": "jimin.hong@example.com",
    "emID": "20250017"
  },
  {
    "name": "백윤아",
    "age": "26",
    "address": "청주",
    "email": "yoonah.baek@example.com",
    "emID": "20250018"
  },
  {
    "name": "송재혁",
    "age": "34",
    "address": "전주",
    "email": "jaehyuk.song@example.com",
    "emID": "20250019"
  },
  {
    "name": "조은빈",
    "age": "27",
    "address": "김해",
    "email": "eunbin.cho@example.com",
    "emID": "20250020"
  },
  {
    "name": "임하윤",
    "age": "30",
    "address": "구미",
    "email": "hayoon.lim@example.com",
    "emID": "20250021"
  },
  {
    "name": "유가영",
    "age": "29",
    "address": "양산",
    "email": "kayeong.yoo@example.com",
    "emID": "20250022"
  },
  {
    "name": "강태희",
    "age": "31",
    "address": "군산",
    "email": "taehee.kang@example.com",
    "emID": "20250023"
  },
  {
    "name": "남승우",
    "age": "32",
    "address": "진주",
    "email": "seungwoo.nam@example.com",
    "emID": "20250024"
  },
  {
    "name": "정다인",
    "age": "25",
    "address": "속초",
    "email": "dain.jung@example.com",
    "emID": "20250025"
  },
  {
    "name": "한지율",
    "age": "28",
    "address": "광명",
    "email": "jiyul.han@example.com",
    "emID": "20250026"
  },
  {
    "name": "오현우",
    "age": "33",
    "address": "의왕",
    "email": "hyunwoo.oh@example.com",
    "emID": "20250027"
  },
  {
    "name": "김세린",
    "age": "26",
    "address": "제주",
    "email": "serin.kim@example.com",
    "emID": "20250028"
  },
  {
    "name": "황진우",
    "age": "35",
    "address": "부천",
    "email": "jinwoo.hwang@example.com",
    "emID": "20250029"
  },
  {
    "name": "류소민",
    "age": "30",
    "address": "남양주",
    "email": "somin.ryu@example.com",
    "emID": "20250030"
  },
  {
    "name": "dddd",
    "age": "dddd",
    "address": "dddd",
    "email": "dddd",
    "emID": "dddd"
  }
]