{
  "매운 음식": [
    "떡볶이",
    "불닭볶음면",
    "마라탕",
    "매운갈비찜"
  ],
  "국물 음식": [
    "된장찌개",
    "감자탕",
    "순두부찌개"
  ],
  "부드러운 음식": [
    "오믈렛",
    "크림스프",
    "리조또"
  ],
  "가벼운 음식": [
    "샐러드",
    "파스타",
    "쌈밥"
  ],
  "야외 활동": [
    "등산",
    "자전거",
    "야경 보기"
  ],
  "실내 여가": [
    "독서",
    "퍼즐",
    "그림 그리기"
  ],
  "짧은 휴식": [
    "짧은 낮잠",
    "스트레칭",
    "조용한 음악 듣기"
  ],
  "힐링 루틴": [
    "따뜻한 차 마시기",
    "일기 쓰기",
    "명상"
  ],
  "감성 마무리": [
    "좋은 음악 듣기",
    "무드등 켜기",
    "사진 정리"
  ],
  "에너지 회복": [
    "간단한 운동",
    "샤워",
    "단백질 간식"
  ]
}