[
  { "name": "루틴 1", "time": "20:00", "category": "저녁식사", "details": "떡볶이, 마라탕, 샐러드" },
  { "name": "루틴 2", "time": "21:00", "category": "활동", "details": "산책, 명상, 독서" },
  { "name": "루틴 3", "time": "22:00", "category": "저녁식사", "details": "피자, 햄버거, 파스타" },
  { "name": "루틴 4", "time": "23:00", "category": "활동", "details": "요가, 스트레칭, 러닝" },
  { "name": "루틴 5", "time": "00:00", "category": "저녁식사", "details": "비빔밥, 된장찌개, 불고기" },
  { "name": "루틴 6", "time": "01:00", "category": "활동", "details": "영상 시청, 음악 감상, 글쓰기" },
  { "name": "루틴 7", "time": "02:00", "category": "저녁식사", "details": "라면, 김밥, 샌드위치" },
  { "name": "루틴 8", "time": "03:00", "category": "활동", "details": "게임, 코딩, 책 읽기" },
  { "name": "루틴 9", "time": "04:00", "category": "저녁식사", "details": "수프, 오므라이스, 크로와상" },
  { "name": "루틴 10", "time": "05:00", "category": "활동", "details": "명상, 계획 정리, 청소" },
  { "name": "루틴 11", "time": "06:00", "category": "저녁식사", "details": "스무디, 샐러드, 과일" },
  { "name": "루틴 12", "time": "07:00", "category": "활동", "details": "운동, 산책, 정리정돈" },
  { "name": "루틴 13", "time": "08:00", "category": "저녁식사", "details": "아보카도 토스트, 요거트" },
  { "name": "루틴 14", "time": "09:00", "category": "활동", "details": "스케줄 확인, 아침 준비" },
  { "name": "루틴 15", "time": "10:00", "category": "저녁식사", "details": "샌드위치, 시리얼, 우유" },
  { "name": "루틴 16", "time": "11:00", "category": "활동", "details": "출근 준비, 뉴스 보기" },
  { "name": "루틴 17", "time": "12:00", "category": "저녁식사", "details": "불고기 덮밥, 김치찌개" },
  { "name": "루틴 18", "time": "13:00", "category": "활동", "details": "집중 업무, 회의 참석" },
  { "name": "루틴 19", "time": "14:00", "category": "저녁식사", "details": "과일, 커피, 다과" },
  { "name": "루틴 20", "time": "15:00", "category": "활동", "details": "업무 마무리, 이메일 정리" },
  { "name": "루틴 21", "time": "16:00", "category": "저녁식사", "details": "토스트, 요플레, 과일" },
  { "name": "루틴 22", "time": "17:00", "category": "활동", "details": "야외 운동, 영상 시청" },
  { "name": "루틴 23", "time": "18:00", "category": "저녁식사", "details": "칼국수, 잡채, 김치전" },
  { "name": "루틴 24", "time": "19:00", "category": "활동", "details": "독서, 가족과 대화" },
  { "name": "루틴 25", "time": "20:00", "category": "저녁식사", "details": "치킨, 족발, 막국수" },
  { "name": "루틴 26", "time": "21:00", "category": "활동", "details": "넷플릭스 시청, 정리" },
  { "name": "루틴 27", "time": "22:00", "category": "저녁식사", "details": "떡국, 전복죽, 김밥" },
  { "name": "루틴 28", "time": "23:00", "category": "활동", "details": "일기쓰기, 샤워" },
  { "name": "루틴 29", "time": "00:00", "category": "저녁식사", "details": "컵라면, 냉면, 주먹밥" },
  { "name": "루틴 30", "time": "01:00", "category": "활동", "details": "조용히 명상, 수면 준비" }
]
