[
  { "name": "1111", "age":  "1111", "address": "1111", "email": "1111", "emID": "1111", "phone": "1111"},
  { "name": "이준호", "age": "31", "address": "부산", "email": "junho.lee@example.com", "emID": "20250001", "phone": "010-2351-3847" },
  { "name": "박서연", "age": "29", "address": "대구", "email": "seoyeon.park@example.com", "emID": "20250002", "phone": "010-1947-8472" },
  { "name": "최민재", "age": "34", "address": "인천", "email": "minjae.choi@example.com", "emID": "20250003", "phone": "010-3845-9284" },
  { "name": "정하늘", "age": "26", "address": "광주", "email": "haneul.jung@example.com", "emID": "20250004", "phone": "010-4928-1239" },
  { "name": "안소희", "age": "30", "address": "울산", "email": "sohee.an@example.com", "emID": "20250005", "phone": "010-8391-2398" },
  { "name": "오지훈", "age": "33", "address": "대전", "email": "jihoon.oh@example.com", "emID": "20250006", "phone": "010-3819-4821" },
  { "name": "신지우", "age": "28", "address": "세종", "email": "jiwoo.shin@example.com", "emID": "20250007", "phone": "010-1732-9841" },
  { "name": "류예린", "age": "25", "address": "창원", "email": "yerin.ryu@example.com", "emID": "20250008", "phone": "010-8391-4720" },
  { "name": "하도윤", "age": "32", "address": "전주", "email": "doyoon.ha@example.com", "emID": "20250009", "phone": "010-2850-1923" },
  { "name": "배수아", "age": "29", "address": "안산", "email": "sua.bae@example.com", "emID": "20250010", "phone": "010-3821-3490" },
  { "name": "윤도현", "age": "35", "address": "수원", "email": "dohyun.yoon@example.com", "emID": "20250011", "phone": "010-9231-8493" },
  { "name": "서윤재", "age": "27", "address": "용인", "email": "yoonjae.seo@example.com", "emID": "20250012", "phone": "010-5731-3921" },
  { "name": "노은지", "age": "30", "address": "포항", "email": "eunji.noh@example.com", "emID": "20250013", "phone": "010-1820-8473" },
  { "name": "곽태현", "age": "33", "address": "천안", "email": "taehyun.kwak@example.com", "emID": "20250014", "phone": "010-1843-9284" },
  { "name": "장하린", "age": "24", "address": "평택", "email": "harin.jang@example.com", "emID": "20250015", "phone": "010-7192-3948" },
  { "name": "문서준", "age": "31", "address": "의정부", "email": "seojun.moon@example.com", "emID": "20250016", "phone": "010-1827-4758" },
  { "name": "홍지민", "age": "28", "address": "강릉", "email": "jimin.hong@example.com", "emID": "20250017", "phone": "010-1092-8491" },
  { "name": "백윤아", "age": "26", "address": "청주", "email": "yoonah.baek@example.com", "emID": "20250018", "phone": "010-3950-8402" },
  { "name": "송재혁", "age": "34", "address": "전주", "email": "jaehyuk.song@example.com", "emID": "20250019", "phone": "010-9381-3842" },
  { "name": "조은빈", "age": "27", "address": "김해", "email": "eunbin.cho@example.com", "emID": "20250020", "phone": "010-1820-1849" },
  { "name": "임하윤", "age": "30", "address": "구미", "email": "hayoon.lim@example.com", "emID": "20250021", "phone": "010-5739-2830" },
  { "name": "유가영", "age": "29", "address": "양산", "email": "kayeong.yoo@example.com", "emID": "20250022", "phone": "010-2831-3942" },
  { "name": "강태희", "age": "31", "address": "군산", "email": "taehee.kang@example.com", "emID": "20250023", "phone": "010-9482-1839" },
  { "name": "남승우", "age": "32", "address": "진주", "email": "seungwoo.nam@example.com", "emID": "20250024", "phone": "010-2390-3840" },
  { "name": "정다인", "age": "25", "address": "속초", "email": "dain.jung@example.com", "emID": "20250025", "phone": "010-4938-1928" },
  { "name": "한지율", "age": "28", "address": "광명", "email": "jiyul.han@example.com", "emID": "20250026", "phone": "010-5810-4932" },
  { "name": "오현우", "age": "33", "address": "의왕", "email": "hyunwoo.oh@example.com", "emID": "20250027", "phone": "010-1938-3810" },
  { "name": "김세린", "age": "26", "address": "제주", "email": "serin.kim@example.com", "emID": "20250028", "phone": "010-1394-2849" },
  { "name": "황진우", "age": "35", "address": "부천", "email": "jinwoo.hwang@example.com", "emID": "20250029", "phone": "010-9381-1023" },
  { "name": "류소민", "age": "30", "address": "남양주", "email": "somin.ryu@example.com", "emID": "20250030", "phone": "010-4739-2839" }
]
