[
  {
    "tags": [
      "기분 좋음",
      "활력 높음",
      "혼자",
      "시간 많음"
    ],
    "routines": [
      {
        "dinner": {
          "category": "패스트푸드",
          "options": [
            "햄버거",
            "치킨버거",
            "감자튀김"
          ]
        },
        "activity": {
          "category": "운동",
          "options": [
            "헬스장",
            "요가",
            "러닝"
          ]
        },
        "closing": {
          "category": "자기성찰",
          "options": [
            "오늘 돌아보기",
            "감사 일기",
            "독서"
          ]
        }
      },
      {
        "dinner": {
          "category": "패스트푸드",
          "options": [
            "햄버거",
            "치킨버거",
            "감자튀김"
          ]
        },
        "activity": {
          "category": "야외 나들이",
          "options": [
            "한강 나들이",
            "도심 산책",
            "전시회"
          ]
        },
        "closing": {
          "category": "휴식",
          "options": [
            "따뜻한 목욕",
            "편한 옷 입기",
            "이불 속 누워있기"
          ]
        }
      },
      {
        "dinner": {
          "category": "간단한 한식",
          "options": [
            "김밥",
            "라면",
            "비빔밥"
          ]
        },
        "activity": {
          "category": "야외 나들이",
          "options": [
            "한강 나들이",
            "도심 산책",
            "전시회"
          ]
        },
        "closing": {
          "category": "자기성찰",
          "options": [
            "오늘 돌아보기",
            "감사 일기",
            "독서"
          ]
        }
      }
    ]
  },
  {
    "tags": [
      "기분 좋음",
      "활력 높음",
      "혼자",
      "시간 적음"
    ],
    "routines": [
      {
        "dinner": {
          "category": "패스트푸드",
          "options": [
            "햄버거",
            "치킨버거",
            "감자튀김"
          ]
        },
        "activity": {
          "category": "활동적인 취미",
          "options": [
            "볼링",
            "탁구",
            "자전거"
          ]
        },
        "closing": {
          "category": "음악 감상",
          "options": [
            "클래식 듣기",
            "팝송 감상",
            "로파이 듣기"
          ]
        }
      },
      {
        "dinner": {
          "category": "편의점 식사",
          "options": [
            "삼각김밥",
            "컵라면",
            "샌드위치"
          ]
        },
        "activity": {
          "category": "야외 나들이",
          "options": [
            "한강 나들이",
            "도심 산책",
            "전시회"
          ]
        },
        "closing": {
          "category": "음악 감상",
          "options": [
            "클래식 듣기",
            "팝송 감상",
            "로파이 듣기"
          ]
        }
      },
      {
        "dinner": {
          "category": "패스트푸드",
          "options": [
            "햄버거",
            "치킨버거",
            "감자튀김"
          ]
        },
        "activity": {
          "category": "운동",
          "options": [
            "헬스장",
            "요가",
            "러닝"
          ]
        },
        "closing": {
          "category": "짧은 마무리",
          "options": [
            "물 한잔",
            "좋은 향 맡기",
            "가벼운 스트레칭"
          ]
        }
      }
    ]
  },
  {
    "tags": [
      "기분 좋음",
      "활력 높음",
      "사람 만남",
      "시간 많음"
    ],
    "routines": [
      {
        "dinner": {
          "category": "분위기 있는 식사",
          "options": [
            "파스타",
            "스테이크",
            "와인"
          ]
        },
        "activity": {
          "category": "활동적인 취미",
          "options": [
            "볼링",
            "탁구",
            "자전거"
          ]
        },
        "closing": {
          "category": "감성 마무리",
          "options": [
            "일기 쓰기",
            "좋아하는 노래 듣기",
            "조명 끄고 명상"
          ]
        }
      },
      {
        "dinner": {
          "category": "분위기 있는 식사",
          "options": [
            "파스타",
            "스테이크",
            "와인"
          ]
        },
        "activity": {
          "category": "활동적인 취미",
          "options": [
            "볼링",
            "탁구",
            "자전거"
          ]
        },
        "closing": {
          "category": "자기성찰",
          "options": [
            "오늘 돌아보기",
            "감사 일기",
            "독서"
          ]
        }
      },
      {
        "dinner": {
          "category": "분위기 있는 식사",
          "options": [
            "파스타",
            "스테이크",
            "와인"
          ]
        },
        "activity": {
          "category": "활동적인 취미",
          "options": [
            "볼링",
            "탁구",
            "자전거"
          ]
        },
        "closing": {
          "category": "감성 마무리",
          "options": [
            "일기 쓰기",
            "좋아하는 노래 듣기",
            "조명 끄고 명상"
          ]
        }
      }
    ]
  },
  {
    "tags": [
      "기분 좋음",
      "활력 높음",
      "사람 만남",
      "시간 적음"
    ],
    "routines": [
      {
        "dinner": {
          "category": "일식 정식",
          "options": [
            "스시",
            "돈까스 정식",
            "우동"
          ]
        },
        "activity": {
          "category": "활동적인 취미",
          "options": [
            "볼링",
            "탁구",
            "자전거"
          ]
        },
        "closing": {
          "category": "명상",
          "options": [
            "5분 명상",
            "호흡 정리",
            "타이머 명상"
          ]
        }
      },
      {
        "dinner": {
          "category": "양식 코스",
          "options": [
            "에피타이저 + 메인 + 디저트",
            "수프 + 파스타",
            "샐러드 + 리조또"
          ]
        },
        "activity": {
          "category": "야외 나들이",
          "options": [
            "한강 나들이",
            "도심 산책",
            "전시회"
          ]
        },
        "closing": {
          "category": "음악 감상",
          "options": [
            "클래식 듣기",
            "팝송 감상",
            "로파이 듣기"
          ]
        }
      },
      {
        "dinner": {
          "category": "양식 코스",
          "options": [
            "에피타이저 + 메인 + 디저트",
            "수프 + 파스타",
            "샐러드 + 리조또"
          ]
        },
        "activity": {
          "category": "야외 나들이",
          "options": [
            "한강 나들이",
            "도심 산책",
            "전시회"
          ]
        },
        "closing": {
          "category": "짧은 마무리",
          "options": [
            "물 한잔",
            "좋은 향 맡기",
            "가벼운 스트레칭"
          ]
        }
      }
    ]
  },
  {
    "tags": [
      "기분 좋음",
      "활력 보통",
      "혼자",
      "시간 많음"
    ],
    "routines": [
      {
        "dinner": {
          "category": "편의점 식사",
          "options": [
            "삼각김밥",
            "컵라면",
            "샌드위치"
          ]
        },
        "activity": {
          "category": "운동",
          "options": [
            "헬스장",
            "요가",
            "러닝"
          ]
        },
        "closing": {
          "category": "자기성찰",
          "options": [
            "오늘 돌아보기",
            "감사 일기",
            "독서"
          ]
        }
      },
      {
        "dinner": {
          "category": "편의점 식사",
          "options": [
            "삼각김밥",
            "컵라면",
            "샌드위치"
          ]
        },
        "activity": {
          "category": "야외 나들이",
          "options": [
            "한강 나들이",
            "도심 산책",
            "전시회"
          ]
        },
        "closing": {
          "category": "감성 마무리",
          "options": [
            "일기 쓰기",
            "좋아하는 노래 듣기",
            "조명 끄고 명상"
          ]
        }
      },
      {
        "dinner": {
          "category": "간단한 한식",
          "options": [
            "김밥",
            "라면",
            "비빔밥"
          ]
        },
        "activity": {
          "category": "운동",
          "options": [
            "헬스장",
            "요가",
            "러닝"
          ]
        },
        "closing": {
          "category": "휴식",
          "options": [
            "따뜻한 목욕",
            "편한 옷 입기",
            "이불 속 누워있기"
          ]
        }
      }
    ]
  },
  {
    "tags": [
      "기분 좋음",
      "활력 보통",
      "혼자",
      "시간 적음"
    ],
    "routines": [
      {
        "dinner": {
          "category": "간단한 한식",
          "options": [
            "김밥",
            "라면",
            "비빔밥"
          ]
        },
        "activity": {
          "category": "야외 나들이",
          "options": [
            "한강 나들이",
            "도심 산책",
            "전시회"
          ]
        },
        "closing": {
          "category": "명상",
          "options": [
            "5분 명상",
            "호흡 정리",
            "타이머 명상"
          ]
        }
      },
      {
        "dinner": {
          "category": "패스트푸드",
          "options": [
            "햄버거",
            "치킨버거",
            "감자튀김"
          ]
        },
        "activity": {
          "category": "야외 나들이",
          "options": [
            "한강 나들이",
            "도심 산책",
            "전시회"
          ]
        },
        "closing": {
          "category": "음악 감상",
          "options": [
            "클래식 듣기",
            "팝송 감상",
            "로파이 듣기"
          ]
        }
      },
      {
        "dinner": {
          "category": "편의점 식사",
          "options": [
            "삼각김밥",
            "컵라면",
            "샌드위치"
          ]
        },
        "activity": {
          "category": "야외 나들이",
          "options": [
            "한강 나들이",
            "도심 산책",
            "전시회"
          ]
        },
        "closing": {
          "category": "명상",
          "options": [
            "5분 명상",
            "호흡 정리",
            "타이머 명상"
          ]
        }
      }
    ]
  },
  {
    "tags": [
      "기분 좋음",
      "활력 보통",
      "사람 만남",
      "시간 많음"
    ],
    "routines": [
      {
        "dinner": {
          "category": "양식 코스",
          "options": [
            "에피타이저 + 메인 + 디저트",
            "수프 + 파스타",
            "샐러드 + 리조또"
          ]
        },
        "activity": {
          "category": "야외 나들이",
          "options": [
            "한강 나들이",
            "도심 산책",
            "전시회"
          ]
        },
        "closing": {
          "category": "휴식",
          "options": [
            "따뜻한 목욕",
            "편한 옷 입기",
            "이불 속 누워있기"
          ]
        }
      },
      {
        "dinner": {
          "category": "분위기 있는 식사",
          "options": [
            "파스타",
            "스테이크",
            "와인"
          ]
        },
        "activity": {
          "category": "야외 나들이",
          "options": [
            "한강 나들이",
            "도심 산책",
            "전시회"
          ]
        },
        "closing": {
          "category": "자기성찰",
          "options": [
            "오늘 돌아보기",
            "감사 일기",
            "독서"
          ]
        }
      },
      {
        "dinner": {
          "category": "분위기 있는 식사",
          "options": [
            "파스타",
            "스테이크",
            "와인"
          ]
        },
        "activity": {
          "category": "야외 나들이",
          "options": [
            "한강 나들이",
            "도심 산책",
            "전시회"
          ]
        },
        "closing": {
          "category": "감성 마무리",
          "options": [
            "일기 쓰기",
            "좋아하는 노래 듣기",
            "조명 끄고 명상"
          ]
        }
      }
    ]
  },
  {
    "tags": [
      "기분 좋음",
      "활력 보통",
      "사람 만남",
      "시간 적음"
    ],
    "routines": [
      {
        "dinner": {
          "category": "분위기 있는 식사",
          "options": [
            "파스타",
            "스테이크",
            "와인"
          ]
        },
        "activity": {
          "category": "야외 나들이",
          "options": [
            "한강 나들이",
            "도심 산책",
            "전시회"
          ]
        },
        "closing": {
          "category": "짧은 마무리",
          "options": [
            "물 한잔",
            "좋은 향 맡기",
            "가벼운 스트레칭"
          ]
        }
      },
      {
        "dinner": {
          "category": "일식 정식",
          "options": [
            "스시",
            "돈까스 정식",
            "우동"
          ]
        },
        "activity": {
          "category": "야외 나들이",
          "options": [
            "한강 나들이",
            "도심 산책",
            "전시회"
          ]
        },
        "closing": {
          "category": "짧은 마무리",
          "options": [
            "물 한잔",
            "좋은 향 맡기",
            "가벼운 스트레칭"
          ]
        }
      },
      {
        "dinner": {
          "category": "일식 정식",
          "options": [
            "스시",
            "돈까스 정식",
            "우동"
          ]
        },
        "activity": {
          "category": "운동",
          "options": [
            "헬스장",
            "요가",
            "러닝"
          ]
        },
        "closing": {
          "category": "음악 감상",
          "options": [
            "클래식 듣기",
            "팝송 감상",
            "로파이 듣기"
          ]
        }
      }
    ]
  },
  {
    "tags": [
      "기분 좋음",
      "활력 낮음",
      "혼자",
      "시간 많음"
    ],
    "routines": [
      {
        "dinner": {
          "category": "간단한 한식",
          "options": [
            "김밥",
            "라면",
            "비빔밥"
          ]
        },
        "activity": {
          "category": "야외 나들이",
          "options": [
            "한강 나들이",
            "도심 산책",
            "전시회"
          ]
        },
        "closing": {
          "category": "감성 마무리",
          "options": [
            "일기 쓰기",
            "좋아하는 노래 듣기",
            "조명 끄고 명상"
          ]
        }
      },
      {
        "dinner": {
          "category": "편의점 식사",
          "options": [
            "삼각김밥",
            "컵라면",
            "샌드위치"
          ]
        },
        "activity": {
          "category": "운동",
          "options": [
            "헬스장",
            "요가",
            "러닝"
          ]
        },
        "closing": {
          "category": "휴식",
          "options": [
            "따뜻한 목욕",
            "편한 옷 입기",
            "이불 속 누워있기"
          ]
        }
      },
      {
        "dinner": {
          "category": "간단한 한식",
          "options": [
            "김밥",
            "라면",
            "비빔밥"
          ]
        },
        "activity": {
          "category": "활동적인 취미",
          "options": [
            "볼링",
            "탁구",
            "자전거"
          ]
        },
        "closing": {
          "category": "감성 마무리",
          "options": [
            "일기 쓰기",
            "좋아하는 노래 듣기",
            "조명 끄고 명상"
          ]
        }
      }
    ]
  },
  {
    "tags": [
      "기분 좋음",
      "활력 낮음",
      "혼자",
      "시간 적음"
    ],
    "routines": [
      {
        "dinner": {
          "category": "패스트푸드",
          "options": [
            "햄버거",
            "치킨버거",
            "감자튀김"
          ]
        },
        "activity": {
          "category": "야외 나들이",
          "options": [
            "한강 나들이",
            "도심 산책",
            "전시회"
          ]
        },
        "closing": {
          "category": "짧은 마무리",
          "options": [
            "물 한잔",
            "좋은 향 맡기",
            "가벼운 스트레칭"
          ]
        }
      },
      {
        "dinner": {
          "category": "간단한 한식",
          "options": [
            "김밥",
            "라면",
            "비빔밥"
          ]
        },
        "activity": {
          "category": "운동",
          "options": [
            "헬스장",
            "요가",
            "러닝"
          ]
        },
        "closing": {
          "category": "짧은 마무리",
          "options": [
            "물 한잔",
            "좋은 향 맡기",
            "가벼운 스트레칭"
          ]
        }
      },
      {
        "dinner": {
          "category": "패스트푸드",
          "options": [
            "햄버거",
            "치킨버거",
            "감자튀김"
          ]
        },
        "activity": {
          "category": "활동적인 취미",
          "options": [
            "볼링",
            "탁구",
            "자전거"
          ]
        },
        "closing": {
          "category": "짧은 마무리",
          "options": [
            "물 한잔",
            "좋은 향 맡기",
            "가벼운 스트레칭"
          ]
        }
      }
    ]
  },
  {
    "tags": [
      "기분 좋음",
      "활력 낮음",
      "사람 만남",
      "시간 많음"
    ],
    "routines": [
      {
        "dinner": {
          "category": "일식 정식",
          "options": [
            "스시",
            "돈까스 정식",
            "우동"
          ]
        },
        "activity": {
          "category": "활동적인 취미",
          "options": [
            "볼링",
            "탁구",
            "자전거"
          ]
        },
        "closing": {
          "category": "감성 마무리",
          "options": [
            "일기 쓰기",
            "좋아하는 노래 듣기",
            "조명 끄고 명상"
          ]
        }
      },
      {
        "dinner": {
          "category": "일식 정식",
          "options": [
            "스시",
            "돈까스 정식",
            "우동"
          ]
        },
        "activity": {
          "category": "활동적인 취미",
          "options": [
            "볼링",
            "탁구",
            "자전거"
          ]
        },
        "closing": {
          "category": "자기성찰",
          "options": [
            "오늘 돌아보기",
            "감사 일기",
            "독서"
          ]
        }
      },
      {
        "dinner": {
          "category": "분위기 있는 식사",
          "options": [
            "파스타",
            "스테이크",
            "와인"
          ]
        },
        "activity": {
          "category": "야외 나들이",
          "options": [
            "한강 나들이",
            "도심 산책",
            "전시회"
          ]
        },
        "closing": {
          "category": "감성 마무리",
          "options": [
            "일기 쓰기",
            "좋아하는 노래 듣기",
            "조명 끄고 명상"
          ]
        }
      }
    ]
  },
  {
    "tags": [
      "기분 좋음",
      "활력 낮음",
      "사람 만남",
      "시간 적음"
    ],
    "routines": [
      {
        "dinner": {
          "category": "분위기 있는 식사",
          "options": [
            "파스타",
            "스테이크",
            "와인"
          ]
        },
        "activity": {
          "category": "운동",
          "options": [
            "헬스장",
            "요가",
            "러닝"
          ]
        },
        "closing": {
          "category": "음악 감상",
          "options": [
            "클래식 듣기",
            "팝송 감상",
            "로파이 듣기"
          ]
        }
      },
      {
        "dinner": {
          "category": "양식 코스",
          "options": [
            "에피타이저 + 메인 + 디저트",
            "수프 + 파스타",
            "샐러드 + 리조또"
          ]
        },
        "activity": {
          "category": "운동",
          "options": [
            "헬스장",
            "요가",
            "러닝"
          ]
        },
        "closing": {
          "category": "명상",
          "options": [
            "5분 명상",
            "호흡 정리",
            "타이머 명상"
          ]
        }
      },
      {
        "dinner": {
          "category": "분위기 있는 식사",
          "options": [
            "파스타",
            "스테이크",
            "와인"
          ]
        },
        "activity": {
          "category": "활동적인 취미",
          "options": [
            "볼링",
            "탁구",
            "자전거"
          ]
        },
        "closing": {
          "category": "짧은 마무리",
          "options": [
            "물 한잔",
            "좋은 향 맡기",
            "가벼운 스트레칭"
          ]
        }
      }
    ]
  },
  {
    "tags": [
      "기분 보통",
      "활력 높음",
      "혼자",
      "시간 많음"
    ],
    "routines": [
      {
        "dinner": {
          "category": "편의점 식사",
          "options": [
            "삼각김밥",
            "컵라면",
            "샌드위치"
          ]
        },
        "activity": {
          "category": "카페에서 수다",
          "options": [
            "카페 데이트",
            "수다 타임",
            "커피 마시기"
          ]
        },
        "closing": {
          "category": "감성 마무리",
          "options": [
            "일기 쓰기",
            "좋아하는 노래 듣기",
            "조명 끄고 명상"
          ]
        }
      },
      {
        "dinner": {
          "category": "편의점 식사",
          "options": [
            "삼각김밥",
            "컵라면",
            "샌드위치"
          ]
        },
        "activity": {
          "category": "가벼운 산책",
          "options": [
            "공원 산책",
            "주변 걷기",
            "단거리 산책"
          ]
        },
        "closing": {
          "category": "감성 마무리",
          "options": [
            "일기 쓰기",
            "좋아하는 노래 듣기",
            "조명 끄고 명상"
          ]
        }
      },
      {
        "dinner": {
          "category": "패스트푸드",
          "options": [
            "햄버거",
            "치킨버거",
            "감자튀김"
          ]
        },
        "activity": {
          "category": "카페에서 수다",
          "options": [
            "카페 데이트",
            "수다 타임",
            "커피 마시기"
          ]
        },
        "closing": {
          "category": "자기성찰",
          "options": [
            "오늘 돌아보기",
            "감사 일기",
            "독서"
          ]
        }
      }
    ]
  },
  {
    "tags": [
      "기분 보통",
      "활력 높음",
      "혼자",
      "시간 적음"
    ],
    "routines": [
      {
        "dinner": {
          "category": "간단한 한식",
          "options": [
            "김밥",
            "라면",
            "비빔밥"
          ]
        },
        "activity": {
          "category": "카페에서 수다",
          "options": [
            "카페 데이트",
            "수다 타임",
            "커피 마시기"
          ]
        },
        "closing": {
          "category": "음악 감상",
          "options": [
            "클래식 듣기",
            "팝송 감상",
            "로파이 듣기"
          ]
        }
      },
      {
        "dinner": {
          "category": "패스트푸드",
          "options": [
            "햄버거",
            "치킨버거",
            "감자튀김"
          ]
        },
        "activity": {
          "category": "카페에서 수다",
          "options": [
            "카페 데이트",
            "수다 타임",
            "커피 마시기"
          ]
        },
        "closing": {
          "category": "명상",
          "options": [
            "5분 명상",
            "호흡 정리",
            "타이머 명상"
          ]
        }
      },
      {
        "dinner": {
          "category": "패스트푸드",
          "options": [
            "햄버거",
            "치킨버거",
            "감자튀김"
          ]
        },
        "activity": {
          "category": "가벼운 산책",
          "options": [
            "공원 산책",
            "주변 걷기",
            "단거리 산책"
          ]
        },
        "closing": {
          "category": "음악 감상",
          "options": [
            "클래식 듣기",
            "팝송 감상",
            "로파이 듣기"
          ]
        }
      }
    ]
  },
  {
    "tags": [
      "기분 보통",
      "활력 높음",
      "사람 만남",
      "시간 많음"
    ],
    "routines": [
      {
        "dinner": {
          "category": "양식 코스",
          "options": [
            "에피타이저 + 메인 + 디저트",
            "수프 + 파스타",
            "샐러드 + 리조또"
          ]
        },
        "activity": {
          "category": "카페에서 수다",
          "options": [
            "카페 데이트",
            "수다 타임",
            "커피 마시기"
          ]
        },
        "closing": {
          "category": "감성 마무리",
          "options": [
            "일기 쓰기",
            "좋아하는 노래 듣기",
            "조명 끄고 명상"
          ]
        }
      },
      {
        "dinner": {
          "category": "분위기 있는 식사",
          "options": [
            "파스타",
            "스테이크",
            "와인"
          ]
        },
        "activity": {
          "category": "영화 감상",
          "options": [
            "넷플릭스",
            "극장 영화",
            "유튜브"
          ]
        },
        "closing": {
          "category": "자기성찰",
          "options": [
            "오늘 돌아보기",
            "감사 일기",
            "독서"
          ]
        }
      },
      {
        "dinner": {
          "category": "일식 정식",
          "options": [
            "스시",
            "돈까스 정식",
            "우동"
          ]
        },
        "activity": {
          "category": "카페에서 수다",
          "options": [
            "카페 데이트",
            "수다 타임",
            "커피 마시기"
          ]
        },
        "closing": {
          "category": "휴식",
          "options": [
            "따뜻한 목욕",
            "편한 옷 입기",
            "이불 속 누워있기"
          ]
        }
      }
    ]
  },
  {
    "tags": [
      "기분 보통",
      "활력 높음",
      "사람 만남",
      "시간 적음"
    ],
    "routines": [
      {
        "dinner": {
          "category": "일식 정식",
          "options": [
            "스시",
            "돈까스 정식",
            "우동"
          ]
        },
        "activity": {
          "category": "가벼운 산책",
          "options": [
            "공원 산책",
            "주변 걷기",
            "단거리 산책"
          ]
        },
        "closing": {
          "category": "짧은 마무리",
          "options": [
            "물 한잔",
            "좋은 향 맡기",
            "가벼운 스트레칭"
          ]
        }
      },
      {
        "dinner": {
          "category": "분위기 있는 식사",
          "options": [
            "파스타",
            "스테이크",
            "와인"
          ]
        },
        "activity": {
          "category": "카페에서 수다",
          "options": [
            "카페 데이트",
            "수다 타임",
            "커피 마시기"
          ]
        },
        "closing": {
          "category": "음악 감상",
          "options": [
            "클래식 듣기",
            "팝송 감상",
            "로파이 듣기"
          ]
        }
      },
      {
        "dinner": {
          "category": "양식 코스",
          "options": [
            "에피타이저 + 메인 + 디저트",
            "수프 + 파스타",
            "샐러드 + 리조또"
          ]
        },
        "activity": {
          "category": "영화 감상",
          "options": [
            "넷플릭스",
            "극장 영화",
            "유튜브"
          ]
        },
        "closing": {
          "category": "명상",
          "options": [
            "5분 명상",
            "호흡 정리",
            "타이머 명상"
          ]
        }
      }
    ]
  },
  {
    "tags": [
      "기분 보통",
      "활력 보통",
      "혼자",
      "시간 많음"
    ],
    "routines": [
      {
        "dinner": {
          "category": "간단한 한식",
          "options": [
            "김밥",
            "라면",
            "비빔밥"
          ]
        },
        "activity": {
          "category": "영화 감상",
          "options": [
            "넷플릭스",
            "극장 영화",
            "유튜브"
          ]
        },
        "closing": {
          "category": "휴식",
          "options": [
            "따뜻한 목욕",
            "편한 옷 입기",
            "이불 속 누워있기"
          ]
        }
      },
      {
        "dinner": {
          "category": "편의점 식사",
          "options": [
            "삼각김밥",
            "컵라면",
            "샌드위치"
          ]
        },
        "activity": {
          "category": "가벼운 산책",
          "options": [
            "공원 산책",
            "주변 걷기",
            "단거리 산책"
          ]
        },
        "closing": {
          "category": "휴식",
          "options": [
            "따뜻한 목욕",
            "편한 옷 입기",
            "이불 속 누워있기"
          ]
        }
      },
      {
        "dinner": {
          "category": "패스트푸드",
          "options": [
            "햄버거",
            "치킨버거",
            "감자튀김"
          ]
        },
        "activity": {
          "category": "카페에서 수다",
          "options": [
            "카페 데이트",
            "수다 타임",
            "커피 마시기"
          ]
        },
        "closing": {
          "category": "자기성찰",
          "options": [
            "오늘 돌아보기",
            "감사 일기",
            "독서"
          ]
        }
      }
    ]
  },
  {
    "tags": [
      "기분 보통",
      "활력 보통",
      "혼자",
      "시간 적음"
    ],
    "routines": [
      {
        "dinner": {
          "category": "편의점 식사",
          "options": [
            "삼각김밥",
            "컵라면",
            "샌드위치"
          ]
        },
        "activity": {
          "category": "영화 감상",
          "options": [
            "넷플릭스",
            "극장 영화",
            "유튜브"
          ]
        },
        "closing": {
          "category": "짧은 마무리",
          "options": [
            "물 한잔",
            "좋은 향 맡기",
            "가벼운 스트레칭"
          ]
        }
      },
      {
        "dinner": {
          "category": "편의점 식사",
          "options": [
            "삼각김밥",
            "컵라면",
            "샌드위치"
          ]
        },
        "activity": {
          "category": "영화 감상",
          "options": [
            "넷플릭스",
            "극장 영화",
            "유튜브"
          ]
        },
        "closing": {
          "category": "명상",
          "options": [
            "5분 명상",
            "호흡 정리",
            "타이머 명상"
          ]
        }
      },
      {
        "dinner": {
          "category": "간단한 한식",
          "options": [
            "김밥",
            "라면",
            "비빔밥"
          ]
        },
        "activity": {
          "category": "카페에서 수다",
          "options": [
            "카페 데이트",
            "수다 타임",
            "커피 마시기"
          ]
        },
        "closing": {
          "category": "명상",
          "options": [
            "5분 명상",
            "호흡 정리",
            "타이머 명상"
          ]
        }
      }
    ]
  },
  {
    "tags": [
      "기분 보통",
      "활력 보통",
      "사람 만남",
      "시간 많음"
    ],
    "routines": [
      {
        "dinner": {
          "category": "분위기 있는 식사",
          "options": [
            "파스타",
            "스테이크",
            "와인"
          ]
        },
        "activity": {
          "category": "영화 감상",
          "options": [
            "넷플릭스",
            "극장 영화",
            "유튜브"
          ]
        },
        "closing": {
          "category": "자기성찰",
          "options": [
            "오늘 돌아보기",
            "감사 일기",
            "독서"
          ]
        }
      },
      {
        "dinner": {
          "category": "분위기 있는 식사",
          "options": [
            "파스타",
            "스테이크",
            "와인"
          ]
        },
        "activity": {
          "category": "영화 감상",
          "options": [
            "넷플릭스",
            "극장 영화",
            "유튜브"
          ]
        },
        "closing": {
          "category": "휴식",
          "options": [
            "따뜻한 목욕",
            "편한 옷 입기",
            "이불 속 누워있기"
          ]
        }
      },
      {
        "dinner": {
          "category": "양식 코스",
          "options": [
            "에피타이저 + 메인 + 디저트",
            "수프 + 파스타",
            "샐러드 + 리조또"
          ]
        },
        "activity": {
          "category": "영화 감상",
          "options": [
            "넷플릭스",
            "극장 영화",
            "유튜브"
          ]
        },
        "closing": {
          "category": "감성 마무리",
          "options": [
            "일기 쓰기",
            "좋아하는 노래 듣기",
            "조명 끄고 명상"
          ]
        }
      }
    ]
  },
  {
    "tags": [
      "기분 보통",
      "활력 보통",
      "사람 만남",
      "시간 적음"
    ],
    "routines": [
      {
        "dinner": {
          "category": "분위기 있는 식사",
          "options": [
            "파스타",
            "스테이크",
            "와인"
          ]
        },
        "activity": {
          "category": "가벼운 산책",
          "options": [
            "공원 산책",
            "주변 걷기",
            "단거리 산책"
          ]
        },
        "closing": {
          "category": "음악 감상",
          "options": [
            "클래식 듣기",
            "팝송 감상",
            "로파이 듣기"
          ]
        }
      },
      {
        "dinner": {
          "category": "분위기 있는 식사",
          "options": [
            "파스타",
            "스테이크",
            "와인"
          ]
        },
        "activity": {
          "category": "가벼운 산책",
          "options": [
            "공원 산책",
            "주변 걷기",
            "단거리 산책"
          ]
        },
        "closing": {
          "category": "명상",
          "options": [
            "5분 명상",
            "호흡 정리",
            "타이머 명상"
          ]
        }
      },
      {
        "dinner": {
          "category": "분위기 있는 식사",
          "options": [
            "파스타",
            "스테이크",
            "와인"
          ]
        },
        "activity": {
          "category": "영화 감상",
          "options": [
            "넷플릭스",
            "극장 영화",
            "유튜브"
          ]
        },
        "closing": {
          "category": "짧은 마무리",
          "options": [
            "물 한잔",
            "좋은 향 맡기",
            "가벼운 스트레칭"
          ]
        }
      }
    ]
  },
  {
    "tags": [
      "기분 보통",
      "활력 낮음",
      "혼자",
      "시간 많음"
    ],
    "routines": [
      {
        "dinner": {
          "category": "편의점 식사",
          "options": [
            "삼각김밥",
            "컵라면",
            "샌드위치"
          ]
        },
        "activity": {
          "category": "가벼운 산책",
          "options": [
            "공원 산책",
            "주변 걷기",
            "단거리 산책"
          ]
        },
        "closing": {
          "category": "감성 마무리",
          "options": [
            "일기 쓰기",
            "좋아하는 노래 듣기",
            "조명 끄고 명상"
          ]
        }
      },
      {
        "dinner": {
          "category": "패스트푸드",
          "options": [
            "햄버거",
            "치킨버거",
            "감자튀김"
          ]
        },
        "activity": {
          "category": "영화 감상",
          "options": [
            "넷플릭스",
            "극장 영화",
            "유튜브"
          ]
        },
        "closing": {
          "category": "휴식",
          "options": [
            "따뜻한 목욕",
            "편한 옷 입기",
            "이불 속 누워있기"
          ]
        }
      },
      {
        "dinner": {
          "category": "편의점 식사",
          "options": [
            "삼각김밥",
            "컵라면",
            "샌드위치"
          ]
        },
        "activity": {
          "category": "카페에서 수다",
          "options": [
            "카페 데이트",
            "수다 타임",
            "커피 마시기"
          ]
        },
        "closing": {
          "category": "감성 마무리",
          "options": [
            "일기 쓰기",
            "좋아하는 노래 듣기",
            "조명 끄고 명상"
          ]
        }
      }
    ]
  },
  {
    "tags": [
      "기분 보통",
      "활력 낮음",
      "혼자",
      "시간 적음"
    ],
    "routines": [
      {
        "dinner": {
          "category": "간단한 한식",
          "options": [
            "김밥",
            "라면",
            "비빔밥"
          ]
        },
        "activity": {
          "category": "카페에서 수다",
          "options": [
            "카페 데이트",
            "수다 타임",
            "커피 마시기"
          ]
        },
        "closing": {
          "category": "명상",
          "options": [
            "5분 명상",
            "호흡 정리",
            "타이머 명상"
          ]
        }
      },
      {
        "dinner": {
          "category": "편의점 식사",
          "options": [
            "삼각김밥",
            "컵라면",
            "샌드위치"
          ]
        },
        "activity": {
          "category": "영화 감상",
          "options": [
            "넷플릭스",
            "극장 영화",
            "유튜브"
          ]
        },
        "closing": {
          "category": "음악 감상",
          "options": [
            "클래식 듣기",
            "팝송 감상",
            "로파이 듣기"
          ]
        }
      },
      {
        "dinner": {
          "category": "패스트푸드",
          "options": [
            "햄버거",
            "치킨버거",
            "감자튀김"
          ]
        },
        "activity": {
          "category": "영화 감상",
          "options": [
            "넷플릭스",
            "극장 영화",
            "유튜브"
          ]
        },
        "closing": {
          "category": "짧은 마무리",
          "options": [
            "물 한잔",
            "좋은 향 맡기",
            "가벼운 스트레칭"
          ]
        }
      }
    ]
  },
  {
    "tags": [
      "기분 보통",
      "활력 낮음",
      "사람 만남",
      "시간 많음"
    ],
    "routines": [
      {
        "dinner": {
          "category": "일식 정식",
          "options": [
            "스시",
            "돈까스 정식",
            "우동"
          ]
        },
        "activity": {
          "category": "영화 감상",
          "options": [
            "넷플릭스",
            "극장 영화",
            "유튜브"
          ]
        },
        "closing": {
          "category": "감성 마무리",
          "options": [
            "일기 쓰기",
            "좋아하는 노래 듣기",
            "조명 끄고 명상"
          ]
        }
      },
      {
        "dinner": {
          "category": "양식 코스",
          "options": [
            "에피타이저 + 메인 + 디저트",
            "수프 + 파스타",
            "샐러드 + 리조또"
          ]
        },
        "activity": {
          "category": "가벼운 산책",
          "options": [
            "공원 산책",
            "주변 걷기",
            "단거리 산책"
          ]
        },
        "closing": {
          "category": "자기성찰",
          "options": [
            "오늘 돌아보기",
            "감사 일기",
            "독서"
          ]
        }
      },
      {
        "dinner": {
          "category": "일식 정식",
          "options": [
            "스시",
            "돈까스 정식",
            "우동"
          ]
        },
        "activity": {
          "category": "가벼운 산책",
          "options": [
            "공원 산책",
            "주변 걷기",
            "단거리 산책"
          ]
        },
        "closing": {
          "category": "감성 마무리",
          "options": [
            "일기 쓰기",
            "좋아하는 노래 듣기",
            "조명 끄고 명상"
          ]
        }
      }
    ]
  },
  {
    "tags": [
      "기분 보통",
      "활력 낮음",
      "사람 만남",
      "시간 적음"
    ],
    "routines": [
      {
        "dinner": {
          "category": "일식 정식",
          "options": [
            "스시",
            "돈까스 정식",
            "우동"
          ]
        },
        "activity": {
          "category": "가벼운 산책",
          "options": [
            "공원 산책",
            "주변 걷기",
            "단거리 산책"
          ]
        },
        "closing": {
          "category": "음악 감상",
          "options": [
            "클래식 듣기",
            "팝송 감상",
            "로파이 듣기"
          ]
        }
      },
      {
        "dinner": {
          "category": "일식 정식",
          "options": [
            "스시",
            "돈까스 정식",
            "우동"
          ]
        },
        "activity": {
          "category": "가벼운 산책",
          "options": [
            "공원 산책",
            "주변 걷기",
            "단거리 산책"
          ]
        },
        "closing": {
          "category": "명상",
          "options": [
            "5분 명상",
            "호흡 정리",
            "타이머 명상"
          ]
        }
      },
      {
        "dinner": {
          "category": "양식 코스",
          "options": [
            "에피타이저 + 메인 + 디저트",
            "수프 + 파스타",
            "샐러드 + 리조또"
          ]
        },
        "activity": {
          "category": "영화 감상",
          "options": [
            "넷플릭스",
            "극장 영화",
            "유튜브"
          ]
        },
        "closing": {
          "category": "짧은 마무리",
          "options": [
            "물 한잔",
            "좋은 향 맡기",
            "가벼운 스트레칭"
          ]
        }
      }
    ]
  },
  {
    "tags": [
      "기분 나쁨",
      "활력 높음",
      "혼자",
      "시간 많음"
    ],
    "routines": [
      {
        "dinner": {
          "category": "편의점 식사",
          "options": [
            "삼각김밥",
            "컵라면",
            "샌드위치"
          ]
        },
        "activity": {
          "category": "힐링 활동",
          "options": [
            "마사지",
            "찜질방",
            "아로마 테라피"
          ]
        },
        "closing": {
          "category": "자기성찰",
          "options": [
            "오늘 돌아보기",
            "감사 일기",
            "독서"
          ]
        }
      },
      {
        "dinner": {
          "category": "간단한 한식",
          "options": [
            "김밥",
            "라면",
            "비빔밥"
          ]
        },
        "activity": {
          "category": "혼자만의 시간",
          "options": [
            "책 읽기",
            "명상",
            "글쓰기"
          ]
        },
        "closing": {
          "category": "감성 마무리",
          "options": [
            "일기 쓰기",
            "좋아하는 노래 듣기",
            "조명 끄고 명상"
          ]
        }
      },
      {
        "dinner": {
          "category": "간단한 한식",
          "options": [
            "김밥",
            "라면",
            "비빔밥"
          ]
        },
        "activity": {
          "category": "힐링 활동",
          "options": [
            "마사지",
            "찜질방",
            "아로마 테라피"
          ]
        },
        "closing": {
          "category": "자기성찰",
          "options": [
            "오늘 돌아보기",
            "감사 일기",
            "독서"
          ]
        }
      }
    ]
  },
  {
    "tags": [
      "기분 나쁨",
      "활력 높음",
      "혼자",
      "시간 적음"
    ],
    "routines": [
      {
        "dinner": {
          "category": "패스트푸드",
          "options": [
            "햄버거",
            "치킨버거",
            "감자튀김"
          ]
        },
        "activity": {
          "category": "혼자만의 시간",
          "options": [
            "책 읽기",
            "명상",
            "글쓰기"
          ]
        },
        "closing": {
          "category": "명상",
          "options": [
            "5분 명상",
            "호흡 정리",
            "타이머 명상"
          ]
        }
      },
      {
        "dinner": {
          "category": "편의점 식사",
          "options": [
            "삼각김밥",
            "컵라면",
            "샌드위치"
          ]
        },
        "activity": {
          "category": "마음 안정",
          "options": [
            "조용한 음악 듣기",
            "따뜻한 차",
            "반신욕"
          ]
        },
        "closing": {
          "category": "명상",
          "options": [
            "5분 명상",
            "호흡 정리",
            "타이머 명상"
          ]
        }
      },
      {
        "dinner": {
          "category": "편의점 식사",
          "options": [
            "삼각김밥",
            "컵라면",
            "샌드위치"
          ]
        },
        "activity": {
          "category": "마음 안정",
          "options": [
            "조용한 음악 듣기",
            "따뜻한 차",
            "반신욕"
          ]
        },
        "closing": {
          "category": "명상",
          "options": [
            "5분 명상",
            "호흡 정리",
            "타이머 명상"
          ]
        }
      }
    ]
  },
  {
    "tags": [
      "기분 나쁨",
      "활력 높음",
      "사람 만남",
      "시간 많음"
    ],
    "routines": [
      {
        "dinner": {
          "category": "분위기 있는 식사",
          "options": [
            "파스타",
            "스테이크",
            "와인"
          ]
        },
        "activity": {
          "category": "혼자만의 시간",
          "options": [
            "책 읽기",
            "명상",
            "글쓰기"
          ]
        },
        "closing": {
          "category": "자기성찰",
          "options": [
            "오늘 돌아보기",
            "감사 일기",
            "독서"
          ]
        }
      },
      {
        "dinner": {
          "category": "일식 정식",
          "options": [
            "스시",
            "돈까스 정식",
            "우동"
          ]
        },
        "activity": {
          "category": "혼자만의 시간",
          "options": [
            "책 읽기",
            "명상",
            "글쓰기"
          ]
        },
        "closing": {
          "category": "감성 마무리",
          "options": [
            "일기 쓰기",
            "좋아하는 노래 듣기",
            "조명 끄고 명상"
          ]
        }
      },
      {
        "dinner": {
          "category": "양식 코스",
          "options": [
            "에피타이저 + 메인 + 디저트",
            "수프 + 파스타",
            "샐러드 + 리조또"
          ]
        },
        "activity": {
          "category": "힐링 활동",
          "options": [
            "마사지",
            "찜질방",
            "아로마 테라피"
          ]
        },
        "closing": {
          "category": "휴식",
          "options": [
            "따뜻한 목욕",
            "편한 옷 입기",
            "이불 속 누워있기"
          ]
        }
      }
    ]
  },
  {
    "tags": [
      "기분 나쁨",
      "활력 높음",
      "사람 만남",
      "시간 적음"
    ],
    "routines": [
      {
        "dinner": {
          "category": "양식 코스",
          "options": [
            "에피타이저 + 메인 + 디저트",
            "수프 + 파스타",
            "샐러드 + 리조또"
          ]
        },
        "activity": {
          "category": "힐링 활동",
          "options": [
            "마사지",
            "찜질방",
            "아로마 테라피"
          ]
        },
        "closing": {
          "category": "음악 감상",
          "options": [
            "클래식 듣기",
            "팝송 감상",
            "로파이 듣기"
          ]
        }
      },
      {
        "dinner": {
          "category": "일식 정식",
          "options": [
            "스시",
            "돈까스 정식",
            "우동"
          ]
        },
        "activity": {
          "category": "마음 안정",
          "options": [
            "조용한 음악 듣기",
            "따뜻한 차",
            "반신욕"
          ]
        },
        "closing": {
          "category": "음악 감상",
          "options": [
            "클래식 듣기",
            "팝송 감상",
            "로파이 듣기"
          ]
        }
      },
      {
        "dinner": {
          "category": "일식 정식",
          "options": [
            "스시",
            "돈까스 정식",
            "우동"
          ]
        },
        "activity": {
          "category": "혼자만의 시간",
          "options": [
            "책 읽기",
            "명상",
            "글쓰기"
          ]
        },
        "closing": {
          "category": "짧은 마무리",
          "options": [
            "물 한잔",
            "좋은 향 맡기",
            "가벼운 스트레칭"
          ]
        }
      }
    ]
  },
  {
    "tags": [
      "기분 나쁨",
      "활력 보통",
      "혼자",
      "시간 많음"
    ],
    "routines": [
      {
        "dinner": {
          "category": "간단한 한식",
          "options": [
            "김밥",
            "라면",
            "비빔밥"
          ]
        },
        "activity": {
          "category": "혼자만의 시간",
          "options": [
            "책 읽기",
            "명상",
            "글쓰기"
          ]
        },
        "closing": {
          "category": "자기성찰",
          "options": [
            "오늘 돌아보기",
            "감사 일기",
            "독서"
          ]
        }
      },
      {
        "dinner": {
          "category": "편의점 식사",
          "options": [
            "삼각김밥",
            "컵라면",
            "샌드위치"
          ]
        },
        "activity": {
          "category": "마음 안정",
          "options": [
            "조용한 음악 듣기",
            "따뜻한 차",
            "반신욕"
          ]
        },
        "closing": {
          "category": "감성 마무리",
          "options": [
            "일기 쓰기",
            "좋아하는 노래 듣기",
            "조명 끄고 명상"
          ]
        }
      },
      {
        "dinner": {
          "category": "간단한 한식",
          "options": [
            "김밥",
            "라면",
            "비빔밥"
          ]
        },
        "activity": {
          "category": "힐링 활동",
          "options": [
            "마사지",
            "찜질방",
            "아로마 테라피"
          ]
        },
        "closing": {
          "category": "자기성찰",
          "options": [
            "오늘 돌아보기",
            "감사 일기",
            "독서"
          ]
        }
      }
    ]
  },
  {
    "tags": [
      "기분 나쁨",
      "활력 보통",
      "혼자",
      "시간 적음"
    ],
    "routines": [
      {
        "dinner": {
          "category": "패스트푸드",
          "options": [
            "햄버거",
            "치킨버거",
            "감자튀김"
          ]
        },
        "activity": {
          "category": "혼자만의 시간",
          "options": [
            "책 읽기",
            "명상",
            "글쓰기"
          ]
        },
        "closing": {
          "category": "음악 감상",
          "options": [
            "클래식 듣기",
            "팝송 감상",
            "로파이 듣기"
          ]
        }
      },
      {
        "dinner": {
          "category": "패스트푸드",
          "options": [
            "햄버거",
            "치킨버거",
            "감자튀김"
          ]
        },
        "activity": {
          "category": "마음 안정",
          "options": [
            "조용한 음악 듣기",
            "따뜻한 차",
            "반신욕"
          ]
        },
        "closing": {
          "category": "짧은 마무리",
          "options": [
            "물 한잔",
            "좋은 향 맡기",
            "가벼운 스트레칭"
          ]
        }
      },
      {
        "dinner": {
          "category": "간단한 한식",
          "options": [
            "김밥",
            "라면",
            "비빔밥"
          ]
        },
        "activity": {
          "category": "혼자만의 시간",
          "options": [
            "책 읽기",
            "명상",
            "글쓰기"
          ]
        },
        "closing": {
          "category": "명상",
          "options": [
            "5분 명상",
            "호흡 정리",
            "타이머 명상"
          ]
        }
      }
    ]
  },
  {
    "tags": [
      "기분 나쁨",
      "활력 보통",
      "사람 만남",
      "시간 많음"
    ],
    "routines": [
      {
        "dinner": {
          "category": "일식 정식",
          "options": [
            "스시",
            "돈까스 정식",
            "우동"
          ]
        },
        "activity": {
          "category": "혼자만의 시간",
          "options": [
            "책 읽기",
            "명상",
            "글쓰기"
          ]
        },
        "closing": {
          "category": "자기성찰",
          "options": [
            "오늘 돌아보기",
            "감사 일기",
            "독서"
          ]
        }
      },
      {
        "dinner": {
          "category": "분위기 있는 식사",
          "options": [
            "파스타",
            "스테이크",
            "와인"
          ]
        },
        "activity": {
          "category": "힐링 활동",
          "options": [
            "마사지",
            "찜질방",
            "아로마 테라피"
          ]
        },
        "closing": {
          "category": "감성 마무리",
          "options": [
            "일기 쓰기",
            "좋아하는 노래 듣기",
            "조명 끄고 명상"
          ]
        }
      },
      {
        "dinner": {
          "category": "양식 코스",
          "options": [
            "에피타이저 + 메인 + 디저트",
            "수프 + 파스타",
            "샐러드 + 리조또"
          ]
        },
        "activity": {
          "category": "마음 안정",
          "options": [
            "조용한 음악 듣기",
            "따뜻한 차",
            "반신욕"
          ]
        },
        "closing": {
          "category": "자기성찰",
          "options": [
            "오늘 돌아보기",
            "감사 일기",
            "독서"
          ]
        }
      }
    ]
  },
  {
    "tags": [
      "기분 나쁨",
      "활력 보통",
      "사람 만남",
      "시간 적음"
    ],
    "routines": [
      {
        "dinner": {
          "category": "분위기 있는 식사",
          "options": [
            "파스타",
            "스테이크",
            "와인"
          ]
        },
        "activity": {
          "category": "힐링 활동",
          "options": [
            "마사지",
            "찜질방",
            "아로마 테라피"
          ]
        },
        "closing": {
          "category": "음악 감상",
          "options": [
            "클래식 듣기",
            "팝송 감상",
            "로파이 듣기"
          ]
        }
      },
      {
        "dinner": {
          "category": "분위기 있는 식사",
          "options": [
            "파스타",
            "스테이크",
            "와인"
          ]
        },
        "activity": {
          "category": "힐링 활동",
          "options": [
            "마사지",
            "찜질방",
            "아로마 테라피"
          ]
        },
        "closing": {
          "category": "음악 감상",
          "options": [
            "클래식 듣기",
            "팝송 감상",
            "로파이 듣기"
          ]
        }
      },
      {
        "dinner": {
          "category": "양식 코스",
          "options": [
            "에피타이저 + 메인 + 디저트",
            "수프 + 파스타",
            "샐러드 + 리조또"
          ]
        },
        "activity": {
          "category": "혼자만의 시간",
          "options": [
            "책 읽기",
            "명상",
            "글쓰기"
          ]
        },
        "closing": {
          "category": "명상",
          "options": [
            "5분 명상",
            "호흡 정리",
            "타이머 명상"
          ]
        }
      }
    ]
  },
  {
    "tags": [
      "기분 나쁨",
      "활력 낮음",
      "혼자",
      "시간 많음"
    ],
    "routines": [
      {
        "dinner": {
          "category": "간단한 한식",
          "options": [
            "김밥",
            "라면",
            "비빔밥"
          ]
        },
        "activity": {
          "category": "혼자만의 시간",
          "options": [
            "책 읽기",
            "명상",
            "글쓰기"
          ]
        },
        "closing": {
          "category": "휴식",
          "options": [
            "따뜻한 목욕",
            "편한 옷 입기",
            "이불 속 누워있기"
          ]
        }
      },
      {
        "dinner": {
          "category": "간단한 한식",
          "options": [
            "김밥",
            "라면",
            "비빔밥"
          ]
        },
        "activity": {
          "category": "혼자만의 시간",
          "options": [
            "책 읽기",
            "명상",
            "글쓰기"
          ]
        },
        "closing": {
          "category": "감성 마무리",
          "options": [
            "일기 쓰기",
            "좋아하는 노래 듣기",
            "조명 끄고 명상"
          ]
        }
      },
      {
        "dinner": {
          "category": "편의점 식사",
          "options": [
            "삼각김밥",
            "컵라면",
            "샌드위치"
          ]
        },
        "activity": {
          "category": "마음 안정",
          "options": [
            "조용한 음악 듣기",
            "따뜻한 차",
            "반신욕"
          ]
        },
        "closing": {
          "category": "자기성찰",
          "options": [
            "오늘 돌아보기",
            "감사 일기",
            "독서"
          ]
        }
      }
    ]
  },
  {
    "tags": [
      "기분 나쁨",
      "활력 낮음",
      "혼자",
      "시간 적음"
    ],
    "routines": [
      {
        "dinner": {
          "category": "편의점 식사",
          "options": [
            "삼각김밥",
            "컵라면",
            "샌드위치"
          ]
        },
        "activity": {
          "category": "혼자만의 시간",
          "options": [
            "책 읽기",
            "명상",
            "글쓰기"
          ]
        },
        "closing": {
          "category": "짧은 마무리",
          "options": [
            "물 한잔",
            "좋은 향 맡기",
            "가벼운 스트레칭"
          ]
        }
      },
      {
        "dinner": {
          "category": "패스트푸드",
          "options": [
            "햄버거",
            "치킨버거",
            "감자튀김"
          ]
        },
        "activity": {
          "category": "마음 안정",
          "options": [
            "조용한 음악 듣기",
            "따뜻한 차",
            "반신욕"
          ]
        },
        "closing": {
          "category": "명상",
          "options": [
            "5분 명상",
            "호흡 정리",
            "타이머 명상"
          ]
        }
      },
      {
        "dinner": {
          "category": "편의점 식사",
          "options": [
            "삼각김밥",
            "컵라면",
            "샌드위치"
          ]
        },
        "activity": {
          "category": "힐링 활동",
          "options": [
            "마사지",
            "찜질방",
            "아로마 테라피"
          ]
        },
        "closing": {
          "category": "음악 감상",
          "options": [
            "클래식 듣기",
            "팝송 감상",
            "로파이 듣기"
          ]
        }
      }
    ]
  },
  {
    "tags": [
      "기분 나쁨",
      "활력 낮음",
      "사람 만남",
      "시간 많음"
    ],
    "routines": [
      {
        "dinner": {
          "category": "분위기 있는 식사",
          "options": [
            "파스타",
            "스테이크",
            "와인"
          ]
        },
        "activity": {
          "category": "마음 안정",
          "options": [
            "조용한 음악 듣기",
            "따뜻한 차",
            "반신욕"
          ]
        },
        "closing": {
          "category": "감성 마무리",
          "options": [
            "일기 쓰기",
            "좋아하는 노래 듣기",
            "조명 끄고 명상"
          ]
        }
      },
      {
        "dinner": {
          "category": "분위기 있는 식사",
          "options": [
            "파스타",
            "스테이크",
            "와인"
          ]
        },
        "activity": {
          "category": "혼자만의 시간",
          "options": [
            "책 읽기",
            "명상",
            "글쓰기"
          ]
        },
        "closing": {
          "category": "자기성찰",
          "options": [
            "오늘 돌아보기",
            "감사 일기",
            "독서"
          ]
        }
      },
      {
        "dinner": {
          "category": "양식 코스",
          "options": [
            "에피타이저 + 메인 + 디저트",
            "수프 + 파스타",
            "샐러드 + 리조또"
          ]
        },
        "activity": {
          "category": "힐링 활동",
          "options": [
            "마사지",
            "찜질방",
            "아로마 테라피"
          ]
        },
        "closing": {
          "category": "감성 마무리",
          "options": [
            "일기 쓰기",
            "좋아하는 노래 듣기",
            "조명 끄고 명상"
          ]
        }
      }
    ]
  },
  {
    "tags": [
      "기분 나쁨",
      "활력 낮음",
      "사람 만남",
      "시간 적음"
    ],
    "routines": [
      {
        "dinner": {
          "category": "일식 정식",
          "options": [
            "스시",
            "돈까스 정식",
            "우동"
          ]
        },
        "activity": {
          "category": "힐링 활동",
          "options": [
            "마사지",
            "찜질방",
            "아로마 테라피"
          ]
        },
        "closing": {
          "category": "짧은 마무리",
          "options": [
            "물 한잔",
            "좋은 향 맡기",
            "가벼운 스트레칭"
          ]
        }
      },
      {
        "dinner": {
          "category": "양식 코스",
          "options": [
            "에피타이저 + 메인 + 디저트",
            "수프 + 파스타",
            "샐러드 + 리조또"
          ]
        },
        "activity": {
          "category": "혼자만의 시간",
          "options": [
            "책 읽기",
            "명상",
            "글쓰기"
          ]
        },
        "closing": {
          "category": "명상",
          "options": [
            "5분 명상",
            "호흡 정리",
            "타이머 명상"
          ]
        }
      },
      {
        "dinner": {
          "category": "양식 코스",
          "options": [
            "에피타이저 + 메인 + 디저트",
            "수프 + 파스타",
            "샐러드 + 리조또"
          ]
        },
        "activity": {
          "category": "마음 안정",
          "options": [
            "조용한 음악 듣기",
            "따뜻한 차",
            "반신욕"
          ]
        },
        "closing": {
          "category": "명상",
          "options": [
            "5분 명상",
            "호흡 정리",
            "타이머 명상"
          ]
        }
      }
    ]
  }
]